<?xml version="1.0" encoding="UTF-8"?>
<project-private xmlns="http://www.netbeans.org/ns/project-private/1">
    <editor-bookmarks xmlns="http://www.netbeans.org/ns/editor-bookmarks/2" lastBookmarkId="0"/>
    <open-files xmlns="http://www.netbeans.org/ns/projectui-open-files/2">
        <group>
            <file>file:/G:/Documentos/NetBeansProjects/Resolver_Integrales_Definidas/src/metodosnum/NewClass.java</file>
            <file>file:/G:/Documentos/NetBeansProjects/Resolver_Integrales_Definidas/src/metodosnum/Integracion_UI.java</file>
            <file>file:/G:/Documentos/NetBeansProjects/Resolver_Integrales_Definidas/src/metodosnum/AcercaDe.java</file>
        </group>
        <group name="Derivadas">
            <file>file:/C:/Users/BISMARCK/Documents/NetBeansProjects/Calculadora-de-integrales-definidas-Java-master/src/metodosnum/MetodosNumericos.java</file>
            <file>file:/C:/Users/BISMARCK/Documents/NetBeansProjects/Calculadora-de-integrales-definidas-Java-master/src/metodos/Trapecio.java</file>
            <file>file:/C:/Users/BISMARCK/Documents/NetBeansProjects/Calculadora-de-integrales-definidas-Java-master/src/metodosnum/Integracion_UI.java</file>
        </group>
    </open-files>
</project-private>
